height,hash,timestamp,tx_count,size_bytes,weight,version,bits,merkle_root,nonce,prev_block,mediantime
610691,00000000000000000001cc49c6ebb2e7546615e1f168161c75d1843257cb233a,2020-01-01 00:03:05+00:00,2500,1250129,3993629,549453824,387300560,6616c395c80cd1b01704d6a4eb83a96d94c1ee02736c7bff1617abc77c631f89,240614342,,2019-12-31 23:07:30+00:00
610692,000000000000000000117f1821db8f36e05a70ed9dbffa5ebb0857021f0f2f51,2020-01-01 00:07:32+00:00,1840,661706,1934741,536870912,387300560,973352f46a24d90c3f6a8e897edf956b1a2924f2c9d126a39b0895cb245a9d23,2264085561,,2019-12-31 23:13:16+00:00
610693,00000000000000000014a2d6530192263dffbb1723acc9d5734d9514138a3f0c,2020-01-01 00:13:34+00:00,1105,436344,1289973,1073733632,387300560,f7f2ae580b932bea05e76f9d89b510bfeb5942e499d9cabe3beb9c9fa8f3fa9c,4185504105,,2019-12-31 23:22:50+00:00
610694,000000000000000000053ba498a77d2e186a0d530abe5cfc44aad1afe3ad867f,2020-01-01 00:19:00+00:00,982,467181,1324209,1073733632,387300560,0fb984cd84240b3c1631e9a6ef7e69def28349a6c0fe0657954231a17104df93,4102308397,,2019-12-31 23:37:18+00:00
610695,00000000000000000009ae968a937bea55223270e64058a2fea352d73a57fc22,2020-01-01 00:37:32+00:00,2881,1123752,3399753,545259520,387300560,c1a7f17dc14bd5191ff75864a3f3242583e0cf642078c0abde6ac8be682d9ec1,3452559148,,2019-12-31 23:41:32+00:00
610696,00000000000000000003510b551473f79a7543cfad1ce97a4ad0793882f6442c,2020-01-01 00:38:08+00:00,1,366,1464,536870912,387300560,f320310535d21ea446166a766ebf1f00638c1454de4b1e9e3964da19b6aa13be,2417958713,,2020-01-01 00:03:05+00:00
610697,000000000000000000019666e14b4a0880ba4e7bbfe589772abd9fe606d1b7bc,2020-01-01 00:40:11+00:00,462,190998,598089,541065216,387300560,1ac308cdc5971cf9f9732104fd61cd20019ce1e2c8e50576cc460a0de5c02b35,2120209585,,2020-01-01 00:07:32+00:00
610698,00000000000000000011d89099b037cff5ba08bedf4584cc3b287c93cf750a1c,2020-01-01 00:44:22+00:00,825,351340,1040683,536870912,387300560,b4b397796e2971949a988ccc38e733f5568061d863b5717cbc93eb334c011ca7,539851929,,2020-01-01 00:13:34+00:00
610699,00000000000000000011cd4a6791bb3a1ea194985e4545efcce0835ad8fc71d2,2020-01-01 00:51:56+00:00,1341,455740,1371097,541065216,387300560,c4c6f351177bdb378c67f1f655fb1d1ff8e32a810d5769dfdc2b634eb0986f5d,1996361518,,2020-01-01 00:19:00+00:00
610700,0000000000000000000316c5f688f75aeba4027afc076e7bcd9e1c7dd49f6347,2020-01-01 00:56:43+00:00,805,268292,807827,536870912,387300560,15a6eaaf2638d0d2374c090683159f77debe3ddd6e8348668c03125249cb77f9,2596370654,,2020-01-01 00:37:32+00:00
610701,00000000000000000000c36d3e13157e9302677d778ebab16c62f767456764d0,2020-01-01 01:22:42+00:00,3122,1267260,3993066,1073733632,387300560,84f7931ce66e950110c4a191981d864b6b6e088a7c6d04b776ba5eb6f83cfa18,2273060038,,2020-01-01 00:38:08+00:00
610702,00000000000000000008c66762e69a80c974e5a46807d0109a745533120cd3e5,2020-01-01 01:32:50+00:00,2572,973798,2976094,549453824,387300560,2bd666e85236e6a20b7fb9f969650db1d1630a6bce2bf45eff83f6f57af8ed9a,1750008849,,2020-01-01 00:40:11+00:00
610703,0000000000000000000ba230371bdc221909ceff1290ba5200744285d20775df,2020-01-01 01:50:46+00:00,2761,1216191,3998373,1073725440,387300560,24f2ab518940c94530bdd824d4d4bc47ebe2fbfe855f238fc1bcef1e9ec6743d,864621604,,2020-01-01 00:44:22+00:00
610704,0000000000000000000c53a0a47f3523c4d7739da9b4c487ca12ec20a497789e,2020-01-01 02:04:53+00:00,2606,1110237,3497898,536870912,387300560,33de0a179c685bff088243a007f9b3250ac11734a158c827bc1b2ec1ca316d8b,3098660831,,2020-01-01 00:51:56+00:00
610705,00000000000000000013c7e0a0c62b77957dbe4b11c2a8aac330686070629e95,2020-01-01 02:13:06+00:00,1695,904546,2972278,1073725440,387300560,a5d3daea9f55fd7f60751dbcd31c6e2e7c211c9fcb62475c8494a82a143d1756,2295483085,,2020-01-01 00:56:43+00:00
610706,0000000000000000001411d674349edcf8f4c38a14e090ee8482590fe4b66217,2020-01-01 02:14:15+00:00,264,100789,318235,1073733632,387300560,dff3178cd37f7efc1ba74e54c71c4c9cd1717a83d1bde789f3214f201cd5b2a1,2727107988,,2020-01-01 01:22:42+00:00
610707,00000000000000000000205e89bdd2a3aa12e8e0abbb6e4e7b64823c2e5a05c5,2020-01-01 02:44:17+00:00,2654,1246611,3993507,545259520,387300560,e11e5299cd478423b3fdb137d14f6ffc4a4246f700700abd4e5500502873dbf4,484352676,,2020-01-01 01:32:50+00:00
610708,00000000000000000012ed5dfcde5ea65b8eec4cbdd2a362e0f0ebd98058a45d,2020-01-01 02:49:35+00:00,2158,954087,3168813,1073733632,387300560,725a8f0e8bb1fd7295c649d78f96d4eb0b1fb22f7a036947b4bce24d1d32f716,1766633814,,2020-01-01 01:50:46+00:00
610709,0000000000000000000aa00d0fa7142036ac80942ddd20e2efdc815ff484f067,2020-01-01 02:59:44+00:00,1490,569935,1811698,536870912,387300560,a1adf78c8004f23bf361ea25ea2c56ab620f2ee6745d7ea61ebbf7d58c6fe9d5,3362268177,,2020-01-01 02:04:53+00:00
610710,000000000000000000075fef8447d5446ba34d3bd83b44e202490c5b887f5bd9,2020-01-01 03:13:47+00:00,2391,1050975,3269577,536870912,387300560,6d28b4fc1336ca0da955c68b535c100e0da40d136851e46f9912355df8c1dac4,2258418744,,2020-01-01 02:13:06+00:00
610711,000000000000000000129c1fc0167dbd228be33d886d786a23fd3da2cbb1c8dd,2020-01-01 03:17:43+00:00,702,273164,827744,536870912,387300560,0e414b343dedac72385592149519638f856e607589d013ab7c89b132e55a6d13,2192661659,,2020-01-01 02:14:15+00:00
610712,0000000000000000000dafe57023d627a4b8f2b352625b6583e889ff9f074666,2020-01-01 03:33:28+00:00,2448,1028474,3086264,536928256,387300560,58811319697b383e651c5005316da6c54cdf482cd4c75d7208a579d8527f5068,955987421,,2020-01-01 02:44:17+00:00
610713,00000000000000000014c5dd515f9ad0286bca8ff28803070ea12f1ee37978f3,2020-01-01 03:37:41+00:00,667,315110,987605,1073733632,387300560,30e65436af20cba03294bc4eb9c3ac45e00a97eb10ed3ac349c7c4896012b55f,1132113140,,2020-01-01 02:49:35+00:00
610714,0000000000000000000fd4f88f5d205d21ead16b70201e042f2528d94e75e7b0,2020-01-01 03:58:37+00:00,3006,1289290,3980149,536928256,387300560,2e75573bab02925929cf30d58a246450e100fc2e305891fe666c67b5beabf86d,578374815,,2020-01-01 02:59:44+00:00
610715,0000000000000000000210099aadc886131783471fc34052ad6a6915ccd884d2,2020-01-01 04:08:32+00:00,1483,608782,1896895,907329536,387300560,3112f9503b6edbf8ded88ee4b7f27935458b5eebe4fbc7a4afde85f2d7568a3d,3248856536,,2020-01-01 03:13:47+00:00
610716,000000000000000000059b58349a8e1bcc3523a670dc758e66b76a5aa8c64129,2020-01-01 04:38:42+00:00,2135,1249480,3998479,536870912,387300560,fa01c22cb7d13b01cc110d677a0223a31ae70a9d8771c1e1167076166ebdeb27,3243825872,,2020-01-01 03:17:43+00:00
610717,00000000000000000007376230c1885020b2d2ffdf30f8cccceb7a96aff04f6f,2020-01-01 04:42:59+00:00,2441,939900,2846874,536879104,387300560,f7d5e1cd87aaef8c0be9ed08974266de6bae1905b36321ca79760725cea2e8be,2046886956,,2020-01-01 03:33:28+00:00
610718,00000000000000000009d8f7639071d2395de300c36e94d6cafdcac29c858005,2020-01-01 05:01:28+00:00,2404,1195138,3566743,544276480,387300560,20e189861420e331defd3dc29a131d128bcb2e8e22ab92c98bee4284d7cdf3ce,802670826,,2020-01-01 03:37:41+00:00
610719,0000000000000000000bcdb399803ee5bfa66dd94615dd746ac9045f500ac1c3,2020-01-01 05:02:04+00:00,227,93930,304074,536870912,387300560,2c763a1d16dda6915b6af7115408a21fe7b32da71fa979a8221f639a38709adf,1395015359,,2020-01-01 03:58:37+00:00
610720,00000000000000000005b6741c287fdf74a82b1c434f11bcd329c29b9487d4e9,2020-01-01 05:17:19+00:00,2136,891075,2650899,1073676288,387300560,bed75de4687a277bc5a1b27b8814e0e4c058d1bf704281090496eed71aa38190,3007153696,,2020-01-01 04:08:32+00:00
610721,000000000000000000092a99b2b95fb4a04d4d3325b055746b444230dd710b15,2020-01-01 05:26:56+00:00,1354,497376,1521942,1073725440,387300560,6c856bb96a772bc374bc7f04c1e6a077b1576b790d6fbc936953d8ba3d5c36da,750620110,,2020-01-01 04:38:42+00:00
610722,0000000000000000000f7e983964b64e07f8b8bc873d6985ebd645d71609b820,2020-01-01 05:31:09+00:00,694,297433,892516,1073733632,387300560,0c3129c39156e7883411eb77bd965ab24ea41c3d4a067eef2efe91754dcb48ce,3755446721,,2020-01-01 04:42:59+00:00
610723,0000000000000000001132a5d365eb1fd991e9be36af936462ac889bf9b99e60,2020-01-01 06:15:30+00:00,2682,1390268,3993299,536870912,387300560,4f5640adf03b8ba8f738e585f2d368f4dda413e70aa9693be6a3c7e0eca0d79f,1595514036,,2020-01-01 05:01:28+00:00
610724,000000000000000000052edb0af275c6764ed8d3659af45edb1a94cb22fb1f88,2020-01-01 06:24:11+00:00,2422,1253847,3993321,536993792,387300560,6a13bb0c8b4ce1e8d98c44927ad3cb7606f198a19cb5673162b7eac3e324794c,2119706506,,2020-01-01 05:02:04+00:00
610725,0000000000000000000460825c2b0f896531f615182d46998da9f858fc5d9ed1,2020-01-01 06:28:29+00:00,2002,921951,2662809,536879104,387300560,ef063e1ecb6e5f89dff3f8789921b84d3e2699a7aca549d34caf8c469145037c,1678573447,,2020-01-01 05:17:19+00:00
610726,0000000000000000000d69d667ccb207537705980830176c6b8808afc2b44ab4,2020-01-01 06:42:22+00:00,1952,886758,2826480,2147475456,387300560,be921eef3c93507dca87140a938e5860da103663a6107e3a2d75f329c93f91b0,1235336454,,2020-01-01 05:26:56+00:00
610727,00000000000000000011e3d495b40c62a074c121977089104e15a2ae197cf396,2020-01-01 06:48:09+00:00,1109,393846,1234971,545259520,387300560,a2ac1fcc435582e41d9adf149e2b36135803789179c19969b26f5184f6d4c2a3,3823704857,,2020-01-01 05:31:09+00:00
610728,000000000000000000138e33299490d6f40976faea4f6263474efdfa55df443b,2020-01-01 06:54:50+00:00,1179,615517,1729684,549453824,387300560,e06e8d7ff010230df8a1f00d33f01f4a59025d37e68f15954f7020537a347ea3,1196971444,,2020-01-01 06:15:30+00:00
610729,0000000000000000000c268e62a31c21c3bd948c026cbbc761958d5eb5f8523e,2020-01-01 06:57:40+00:00,394,128233,408559,541065216,387300560,bd5fe7627acca50fa2b0c7694e54e216b067767a6f004eccf6fff14aee6cd148,1783996160,,2020-01-01 06:24:11+00:00
610730,0000000000000000000ed5b2ac370979cb799250eea70716291b1f4afd96ffb0,2020-01-01 07:17:30+00:00,3170,1276492,3993433,1073733632,387300560,5e8cbff793d5fc2932395c1e95ff9ef56e5140991b3b56c77734af9193990496,248056460,,2020-01-01 06:28:29+00:00
610731,0000000000000000000e10789a76a0c175746d3faa7d6d2554ae364aa1f44e4b,2020-01-01 07:22:37+00:00,908,362197,1112266,536870912,387300560,268d547cd2db1db606d229d6d6b5c034bcd7d3c62d423657d4fe58145b35f9bd,2960593458,,2020-01-01 06:42:22+00:00
610732,0000000000000000001030129095f46070798dc7751167afaabf1fdd6d89ebf6,2020-01-01 07:24:32+00:00,312,180707,592316,671080448,387300560,33605da108d09114c77126e8850a20107ac7429e8daaab0c45d3a189b5a8fc5e,1674232538,,2020-01-01 06:48:09+00:00
610733,000000000000000000013bd0df993e943bd71209fa76b7483976b5a5e749c805,2020-01-01 07:27:59+00:00,473,216107,646103,536870912,387300560,1d02c78e4909858aba724a0c9c3c77bf57b9160424b74af17d5a3f3c4cf14d87,3100025923,,2020-01-01 06:54:50+00:00
610734,0000000000000000001236de13bcf36f2173482148d74dc80f71e05ab67a1945,2020-01-01 07:28:02+00:00,63,26536,95107,1073733632,387300560,44cc8c9688323d3c15df204810a4f885fa0b9fdac17de514770a8e45314caabb,3458754507,,2020-01-01 06:57:40+00:00
610735,0000000000000000001412b3e34a69c8c106f3f77a8c6030abfbad9eb6f74dbb,2020-01-01 07:29:15+00:00,192,69986,216857,539795456,387300560,dde14b05d2f3d1af5facbff5154a610968360221035e4a6c9ac609172a507064,2308446433,,2020-01-01 07:17:30+00:00
610736,000000000000000000016fdfdc8cdb190dea7f045c0eb887bf9fe64346d1ae53,2020-01-01 07:29:05+00:00,20,5544,18129,536928256,387300560,e1e360ce8a606a33843a6db4b5db10ef511396fc7a89171bc06788ef861de6d7,507913854,,2020-01-01 07:22:37+00:00
610737,0000000000000000000a21cb45739b4de0affc28953f5d22e121e163cba0e562,2020-01-01 07:38:21+00:00,1326,637016,1943780,536870912,387300560,52987abdd682d46a346d5de567e267309a76848bbff2a91e283215232bed6451,3313361508,,2020-01-01 07:24:32+00:00
610738,0000000000000000001255b0bb8c6a803c909e878709a2548b1e153987e4fa2b,2020-01-01 07:49:04+00:00,1773,843237,2492583,536870912,387300560,131066cd9626873ef347b1837bddce8a4137bad8f47e688e235b969c43abac75,265020953,,2020-01-01 07:27:59+00:00
610739,0000000000000000001021f97079f2b38b2f746bd49c58034f897b10981c8c88,2020-01-01 07:55:18+00:00,1065,466879,1406938,1073725440,387300560,2bde942c09b785690ffcba156e0d346d61804d16d618536c3663e515dcab4682,630933522,,2020-01-01 07:28:02+00:00
610740,0000000000000000000fbea34c2aad3874c72e7a0d468809316771fdeab6bc71,2020-01-01 07:57:50+00:00,558,207578,654113,1073733632,387300560,3f8506b03312f943220e545cc1082fc49d0075ab1d8b9bfb5a37474d2277bdbb,3888236126,,2020-01-01 07:29:05+00:00
610741,00000000000000000014302411a2dce19fd2f3dc92864ed6afdd638473565e3c,2020-01-01 08:04:58+00:00,1051,518604,1665243,536870912,387300560,3d22f801e63c6d313dd67b1b4e5c43fa20703f7279d6fdf9a93d5ccf6be447f8,1745557545,,2020-01-01 07:29:15+00:00
610742,00000000000000000006f69d3eb55b182a0485ae75388070d70d1a1e8a625b52,2020-01-01 08:07:33+00:00,411,150862,489709,536870912,387300560,bf08f0866c54a88ddfb03e89e1999369ad141d22431f4260ba59c42b888eb970,1094008121,,2020-01-01 07:38:21+00:00
610743,00000000000000000010aacfc9e7fc2d4908191cfa553de1ac56fa37e580ae78,2020-01-01 08:37:39+00:00,2795,1217561,3993533,1073676288,387300560,2ce0dba481e1f32f92c0df0800bf6e8291be6a3a1d887b2d9f9f68ae5394d6a9,1392934199,,2020-01-01 07:49:04+00:00
610744,0000000000000000000bfc7d9e6da4a434222ab9dda2238680e75bbcb97828f1,2020-01-01 08:43:07+00:00,2125,915749,2676185,536870912,387300560,2dd45107790efbb2693d87058e411b7554ee33ec9dbbd265a9c97771a6364945,4288946065,,2020-01-01 07:55:18+00:00
610745,0000000000000000001410e8992516681dde5dcadabe4e0f85ddc53c93a74a7a,2020-01-01 08:47:54+00:00,940,380898,1220934,536870912,387300560,1377890afc19b42213c0804b0a78466c717ce97e077cfd9c5a9b4434793190eb,593353921,,2020-01-01 07:57:50+00:00
610746,00000000000000000014b9c0f5bd082c5768438ab081f709ff9da2e25c540121,2020-01-01 08:54:18+00:00,1061,463034,1440344,1073733632,387300560,8abb6ff5e1f3377c896e42cc86c1e72f0d6b20f5c71fdcea2a693fd4c8377765,2783272988,,2020-01-01 08:04:58+00:00
610747,000000000000000000114391d65ff0c7b40b967b6fd5c9ffb622a45ac5e979ed,2020-01-01 09:35:43+00:00,2733,1334842,3993199,549453824,387300560,b3cd490b235f11487b2b0a0dfb7e044d1815640569d53654c16c5e332c6e1d8e,270520854,,2020-01-01 08:07:33+00:00
610748,000000000000000000065c4706094b79c798144b7b3f095912ce9645af1c1ef0,2020-01-01 09:37:05+00:00,2626,1260016,3993037,549453824,387300560,5b067f92495fb5fd88d0d3f91dbb87cb326eafd778e8d7bfa038cf58494fba05,1276555306,,2020-01-01 08:37:39+00:00
610749,000000000000000000024b77a560c63a085cb0fc61fbf620cddc5b4a082ab5ed,2020-01-01 09:44:50+00:00,1345,611069,1864511,536870912,387300560,cde19e0e998820399b6d7f3a8c9e4ce6c1dd510231a81441fa770fd27a263ac0,1274717093,,2020-01-01 08:43:07+00:00
610750,0000000000000000000e7027f650de1e79d76cbe93f385d8032f7766df080f6f,2020-01-01 09:51:16+00:00,1361,499651,1544062,541065216,387300560,ec7d8dfb58f8360871a26dbb42b46c0f7b89f446e91309f9a7e3c57cb47a8f98,2335829698,,2020-01-01 08:47:54+00:00
610751,0000000000000000000067c2b9304f6bdded7d6c1f58cc0ec089617d67445a56,2020-01-01 09:52:28+00:00,236,147048,380310,549453824,387300560,bd6105fe9028ebb0837a87e6f494b84ad0f0790edd0d1192a4f6d92256e55741,501017008,,2020-01-01 08:54:18+00:00
610752,00000000000000000005503024df4519bd6fd801f800e2735319777fa002f00e,2020-01-01 10:17:35+00:00,2882,1285944,3993039,536870912,387300560,41e775c5622498a44215b2b2dbc9adfb7efc4be3373f36b11a8b41ba65345d7e,1138326250,,2020-01-01 09:35:43+00:00
610753,0000000000000000000dc3cbe4b80a5e329f5aa0fb43630b9b7d121128dc1d10,2020-01-01 10:19:08+00:00,966,400290,1115484,1073725440,387300560,3b29b30bb7a9176c670a21847bc5451865b44a50261e552396186f4dd9ddf32e,1860753145,,2020-01-01 09:37:05+00:00
610754,00000000000000000005a6156a715c1a693a3ecb19c462c79fd7b8e1e3024ccc,2020-01-01 10:24:24+00:00,930,442577,1323467,1073676288,387300560,a19e74d5b0b7e6bda6f2e1b5f99c2e85b898837065448d0cca14c6d8caec89ec,1288798614,,2020-01-01 09:44:50+00:00
610755,0000000000000000000926191ab52bd7518c95b4f32ec2548cea063f3ecde588,2020-01-01 10:31:08+00:00,1377,508065,1516740,541065216,387300560,00051dbaf4f79f02a4345834803f8e5cf16e133d46cc4a3a87ee8c7851050b9c,3474132081,,2020-01-01 09:51:16+00:00
610756,00000000000000000010067bc6f2fb532b4bd28a9c10d50a93dc6ab1404aac38,2020-01-01 10:43:05+00:00,2242,902695,2636749,536870912,387300560,d63878e93d5ded8c3ba0273b86b6a647ed83203a64ce899a81a6cf8ae9dda474,3472021805,,2020-01-01 09:52:28+00:00
610757,0000000000000000000a3b90d1cb0fb1da843d56290b083b6ea582abba9a6d61,2020-01-01 10:45:56+00:00,625,278076,833424,549453824,387300560,49d44485d264efaadc97e024e04270c40d6c6f906adbbfb5107746ae24d8ab4d,1340664872,,2020-01-01 10:17:35+00:00
610758,000000000000000000060f289a5f770ecf88adad981af27536d32c43dd47c743,2020-01-01 10:52:02+00:00,1189,480451,1396810,536870912,387300560,f25a69145bcbce54fd9cf1491471992a72e16b05d8be1bf93f787ced55cf17ef,894819904,,2020-01-01 10:19:08+00:00
610759,00000000000000000011611d40c4c0b09ab1519e1c2268ded3ca54f703e5ace9,2020-01-01 10:56:34+00:00,937,412900,1196611,549453824,387300560,8c02b8b5f49850a28171f7bbc9e1368e96b214c32283c08847abf0aff24706f1,3877397873,,2020-01-01 10:24:24+00:00
610760,00000000000000000005bea58cefb96e287e562379775742b0cfa45a49181285,2020-01-01 11:28:19+00:00,3086,1287428,3993584,536928256,387300560,52db74a72564828902929223c7c4b2ebb835e33be6ac82c3ee407b1f7a69da54,528626484,,2020-01-01 10:31:08+00:00
610761,0000000000000000001575b863ff0f7967609bfab1df98397eb05428ccb802d8,2020-01-01 11:30:09+00:00,1917,871268,2413190,1073676288,387300560,444df12709d4e7d47a243348ee193258903f27a535f0880098ecc0a4949bcaa4,777381828,,2020-01-01 10:43:05+00:00
610762,00000000000000000001ec08c11cbc17809af6ce3af88ca394f3a43190b3ebda,2020-01-01 11:36:10+00:00,1188,479689,1457635,541065216,387300560,fae4500de53cdba49d34afad171b26b5b4115ad1ca2adec95c6d2f331f7f1467,3343529634,,2020-01-01 10:45:56+00:00
610763,0000000000000000000bc264b270ca467d26905654cc928090806eff6d548978,2020-01-01 11:59:02+00:00,1767,1547984,3993287,536928256,387300560,42b9e05c230b427669dbcca155b358009d8da644801fa6b74c470c444e370273,2774239366,,2020-01-01 10:52:02+00:00
610764,00000000000000000005ea27b81b6aba0101f7043c4e188b90ea08238b124065,2020-01-01 12:18:00+00:00,2777,1269683,3998762,536870912,387300560,a2094bdf0799abf362448f42aac4b3535dc6a46f97c6a179cdfd539ea8e2ff99,2128792410,,2020-01-01 10:56:34+00:00
610765,00000000000000000002a78cd3ff99d600035c90b8b7d09ae3d0cb19ee74ce9d,2020-01-01 12:26:06+00:00,1381,1143763,3993253,536870912,387300560,19fd3ba9edfafb9ae805c14a478a040bc8d4242db0f898d9090baae5bbb01724,3704105105,,2020-01-01 11:28:19+00:00
610766,00000000000000000003614a22ea9926bb8e4a699eef77e2cf990650b55d63b3,2020-01-01 12:38:27+00:00,1829,1324994,3992912,541065216,387300560,ac12cd723827000e31a77e7cce622e9b9edb99f50fd5780df46f4702952e78b9,1261810250,,2020-01-01 11:30:09+00:00
610767,0000000000000000000669cf670b4ad038b607c09cf97599ec15442d3d653efb,2020-01-01 12:50:13+00:00,2955,1340613,3993057,536870912,387300560,7cee19e0d0682bf6b13e178163ab5ba58fb148e18c2d5fde7a9398e520986b7d,352769024,,2020-01-01 11:36:10+00:00
610768,00000000000000000011c708d9cb06df874f2355bc4fb46334a1dfdf113469a5,2020-01-01 13:01:33+00:00,2424,1099365,3202923,541065216,387300560,0cf7169992819844868a42a5dfe328c7af7e899732aa6edb82c76f74b6e72bef,2803594805,,2020-01-01 11:59:02+00:00
610769,0000000000000000000ddfdc0ad1dc57a28eb629aa78e906459a75a9ffd2c9ce,2020-01-01 13:02:08+00:00,99,37564,126007,1073733632,387300560,3d2a02d8cd8f09b09c0f2325a351150f322eeea7dc4f620a5ab69347ac019a5f,1146969639,,2020-01-01 12:18:00+00:00
610770,0000000000000000000c0f2cc61ade020f0f8cde23c9019b4b1da4e480699bb1,2020-01-01 13:18:26+00:00,1059,1032629,3993344,545259520,387300560,d20a7d1465928717545eba543b2e89ded1ff432c4d04273b775f5b696eb3fb91,3145106995,,2020-01-01 12:26:06+00:00
610771,00000000000000000005aa2ab5d34455f520ba99a9efe5cca824a6bbb0acc5d5,2020-01-01 13:22:59+00:00,1637,1073277,3993174,536870912,387300560,07a06f3de69aff5cf3f204ee536dd2a81641a27dfc577ee5a44313b448c4fe20,1252811480,,2020-01-01 12:38:27+00:00
610772,00000000000000000012b76953fe3d9fe13d4eff70af2c194a5f556ac6842d79,2020-01-01 13:26:16+00:00,1360,1086822,3993507,1073733632,387300560,86a918e2af55514cf48c95624a4e2c5ff8f8d8b86fbd8b387edd0d6cf25affbd,4259220801,,2020-01-01 12:50:13+00:00
610773,0000000000000000000dc2cbf16e55e1b39846bc75f999905c05dda413d24d94,2020-01-01 13:38:56+00:00,2776,1224241,3998746,1073676288,387300560,1c92de1eadb69290cce3da579908223aae3dddfbc570bd1aced38c088acbb892,866991217,,2020-01-01 13:01:33+00:00
610774,0000000000000000000f04ee71146f435a4d04f13ef9e94fe4c714e4c93ab9b3,2020-01-01 13:47:44+00:00,2830,1141392,3323055,545259520,387300560,27e0e8ab07c804b5435c882089b2443656c52bbeed13b8e9e5bbd1be5f3045a7,3785069860,,2020-01-01 13:02:08+00:00
610775,00000000000000000006f836024fc18a84f8234e122154b76f9e4debedfada48,2020-01-01 13:52:39+00:00,812,323757,1020819,1073725440,387300560,79b0e72623a4a5c5ce667dfcecf055e3ea0aa0f95acfef5c39eb0dfd1f010063,1893141942,,2020-01-01 13:18:26+00:00
610776,0000000000000000000931e0c78356295479aa7fdf19334da09d1fffc0aeedfa,2020-01-01 14:01:25+00:00,1488,804638,2542130,1073725440,387300560,ddc388e1ea7b9f81b7a5ed2896087cb4982c9046beb04d4934fbb61409f3210d,1747132554,,2020-01-01 13:22:59+00:00
610777,00000000000000000013426efbc91e943e1d4c216d240b9816e7bbe66a2c890f,2020-01-01 14:07:05+00:00,1083,441991,1366654,536870912,387300560,cba8993ce316ca73225ef7ee5f55b96f76145fb063aea9c58a5d22605775f44c,2719658407,,2020-01-01 13:26:16+00:00
610778,0000000000000000000299dbcde4710774c6e25f449dfead9880d832853ce066,2020-01-01 14:11:17+00:00,934,397170,1186026,549453824,387300560,724043386dfc9bdcc4f1c5afeb266d3ef52cceeb4f995c135575d0d7d134cf14,4009843285,,2020-01-01 13:38:56+00:00
610779,00000000000000000015a01df223239bb0b8115648369412866b37c9aec7275d,2020-01-01 14:21:42+00:00,2071,1013102,3038720,1073725440,387300560,ec2b8cb2f63d661e8f35f27dfaf2c6eb5946dda6600ac4c74c2f65f96738e967,8481663,,2020-01-01 13:47:44+00:00
610780,0000000000000000000e653f6233d1971b4c4d7b7e0b173a0c77903616e315a8,2020-01-01 14:23:13+00:00,249,115380,345189,536870912,387300560,c1efbe79a0383b4bb695351e78e959ff3ade7e1f456c1b0cecb722f90209d59a,1663512342,,2020-01-01 13:52:39+00:00
610781,0000000000000000000c649f4dfa1937cf804a21da80f7c1f5714299b40a855c,2020-01-01 14:25:25+00:00,495,183972,563529,2147475456,387300560,e1611b38eed21d61812fa8a2d758ee0ddd6a0419edc9990792fd3cf632a909bf,1683757,,2020-01-01 14:01:25+00:00
610782,000000000000000000109617fbfe4aa7ff3645398b13b34713559d15d950af70,2020-01-01 14:31:57+00:00,1494,872527,2771968,536928256,387300560,f57cdcdd8aadbf8d10ced5a29884e52de7039e98a7f83151162ba0bc31b6693a,3163110091,,2020-01-01 14:07:05+00:00
610783,0000000000000000001193785e81d7a82b9635cc2ffd14f7d7fb9c8ae62e0313,2020-01-01 14:39:48+00:00,1600,826156,2628106,536870912,387300560,78abfc78f55ec6e41e2c0aa30f6aef7d783a67fb3495b76ddbfffa9a9cc23409,1197859726,,2020-01-01 14:11:17+00:00
610784,0000000000000000000c85009ddee78c6ffc73e0f2119703a46e437048c593b3,2020-01-01 14:40:13+00:00,2,925,3592,536928256,387300560,9260b3fcf180fd89091215bd47aa1710cc006abe6c81504b7c81842e291dcae9,722496822,,2020-01-01 14:21:42+00:00
610785,000000000000000000130ab67cbe166d86e51db31b58720662567ac71cfc8ef1,2020-01-01 14:41:50+00:00,407,202147,582112,1073733632,387300560,4fb193e87cf50303b37cff6644872131d892cead9f939e22d13917ef431b7661,254532106,,2020-01-01 14:23:13+00:00
610786,000000000000000000123345a1a667cd6561e9e72306f1ca8f56ea4f69f85a60,2020-01-01 14:46:19+00:00,1055,505531,1532725,536870912,387300560,bfd2d7d5824abc57593bbea9473631f6289f29f364c75f778f2fef046afb8e43,4037802540,,2020-01-01 14:25:25+00:00
610787,0000000000000000000a215f2c348b39e3841e9d5c75923f2e984e64c2f49bce,2020-01-01 14:49:19+00:00,562,267295,782275,541065216,387300560,4c7ae9aaf1d547f26e05c72ea493ac18a841a13eadd5fa28e1b8e415f023209b,4007939410,,2020-01-01 14:31:57+00:00
610788,0000000000000000000215460c7fe60249152415b2fd2880202233b38911b88d,2020-01-01 14:50:07+00:00,131,54441,166248,1073733632,387300560,7317861e561f75eb09465ec2f53a29a5eeab03659db2aeb9ad4e54070db82ce0,1251849927,,2020-01-01 14:39:48+00:00
610789,0000000000000000000871bccdbda2d866716f1443cd288398d35be1321e07a9,2020-01-01 15:12:23+00:00,2747,1346543,3992906,541065216,387300560,739a1d305bfd489e8074148d9afc92a4175db53fea483c4c4e9ee9b222871243,2400423229,,2020-01-01 14:40:13+00:00
610790,00000000000000000006acd45e115ab5dacb7349fce807d62635f737cd156f77,2020-01-01 15:14:48+00:00,1803,717718,2169847,536879104,387300560,4494b1f06cfbf10f29d56f7eb12b86dbfdcfe84939d6875e1311909ea5db5fa7,819863119,,2020-01-01 14:41:50+00:00
610791,00000000000000000010b15200849d7e1cb8a4ff87b189509b0faf11217225ee,2020-01-01 15:19:57+00:00,1028,394598,1190867,536870912,387300560,57436e54e68e80c83d22bb8b8c0449a0a20aad9d941fb54c060257661df975a1,4264595304,,2020-01-01 14:46:19+00:00
610792,00000000000000000007dbae9f24fae57a319c4a8365a0708d85c3c1197ac758,2020-01-01 15:29:28+00:00,2241,858257,2576687,536879104,387300560,4648ab293d761a02bab8d77728fc3b480dc1c7510659a4d8ca0a65d9937e5dc6,3361648272,,2020-01-01 14:49:19+00:00
610793,00000000000000000006348536c503abc1ae532456e34b969f64e70a877d93c4,2020-01-01 15:29:44+00:00,18,8212,29341,536870912,387300560,3e6c37dfc89625f7d114a86c7690ce10598d57fe18ee7745defde64f1c05d1dd,1062580487,,2020-01-01 14:50:07+00:00
610794,00000000000000000004d0ae30dd1901b940a0c939d4d8c7f5d6b6a351ede9eb,2020-01-01 15:32:22+00:00,628,318383,870569,545259520,387300560,c98aee0dda58ecbe1bfbae5f8190037cf72980300e3fa80a90852f34ce5e0d09,1244982096,,2020-01-01 15:12:23+00:00
610795,0000000000000000000105e77ecb82b0df6447e478807712d036261f6dc9d467,2020-01-01 15:35:55+00:00,748,329932,949540,541065216,387300560,d4b822e86e2c620eab16ff9eded09f746f696e85210e35669f2ecd6076fc3a95,3370687972,,2020-01-01 15:14:48+00:00
610796,0000000000000000000af4110440716bf1de14badc7d9f69ba4a597b6f613bf1,2020-01-01 15:38:53+00:00,685,281177,825161,536870912,387300560,b5accfb9ec68a272ab4ca7724444124004a28997ec3822f58a649f58700a5a6c,1643705236,,2020-01-01 15:19:57+00:00
610797,0000000000000000000ed2fbfde83a3b7c1a553cfad13c2526296e8f4e9613a0,2020-01-01 15:39:04+00:00,13,3792,12663,1073733632,387300560,0d7e3d4294dea7249d96f2636503557f66e93390d10ac2fecaabdb29eaa4be9a,159423067,,2020-01-01 15:29:28+00:00
610798,00000000000000000002d262f0b8d3710c0efa3eca6488f94741aab6301ede35,2020-01-01 15:44:03+00:00,959,362729,1080053,536879104,387300560,1f66f808626b1a718369cbf1277d79bba766e1f47e7c04e2df208585955fc6d6,454771392,,2020-01-01 15:29:44+00:00
610799,0000000000000000000dccb7117236bb5f38d7d76d830cbb8f09fb167f48a45f,2020-01-01 15:48:42+00:00,981,416220,1234695,2147475456,387300560,f45cb1006c7d22ef6d64fffd6b4d049e42f70a992dcfb4cd766d25234378e7c8,1104229881,,2020-01-01 15:32:22+00:00
610800,0000000000000000000fe97cb928fb9a9bd842984afd4df8e3de92929f99fd9e,2020-01-01 15:51:19+00:00,568,229218,691587,547356672,387300560,cf481825c9a427884230e101db52bfe5ef093d98e320d507652bd5bc2a4d337f,125871210,,2020-01-01 15:35:55+00:00
610801,0000000000000000000d9556dba9423970f01f3ad090ff5507b816e3928ba0da,2020-01-01 15:53:04+00:00,347,113886,340104,1073733632,387300560,faf11e08680a105a2a839957d5fa19021283e620c9bc77565b7a4de00f64967c,2927648074,,2020-01-01 15:38:53+00:00
610802,0000000000000000000cb70f16497ee4a0ecdb5f9ac61b5fd5efb81c0098b498,2020-01-01 16:02:38+00:00,2044,947856,2922633,545259520,387300560,55468e717653305af21b433a10199d6458d06df7ee734607a1974cd5d3a4e2c3,3870005974,,2020-01-01 15:39:04+00:00
610803,000000000000000000092fec5943ab1877f38a804debce3344a4b5a223545841,2020-01-01 16:14:49+00:00,2469,1044675,3118992,536928256,387300560,4bd3940ff3a6adeea1b8cfd0910153804c781968648c47742810b85d0314898e,1668619028,,2020-01-01 15:44:03+00:00
610804,000000000000000000106ec34c398f399d1ce763a84b498675afceddb339ca4c,2020-01-01 16:17:50+00:00,671,299577,917835,541065216,387300560,ead6dfd65915fc03dbd376faded51a9cb124260e83e5ca73f14adf7c5eba9c04,3828449304,,2020-01-01 15:48:42+00:00
610805,00000000000000000002f4e6794fb22d53422a5cbe436bf8cdab5afaa989ea47,2020-01-01 16:22:00+00:00,870,349577,1094036,545259520,387300560,da2e87a4e219f789e90829f74ffb86ec47347d96c06620fc492aa5a355bff145,2423933712,,2020-01-01 15:51:19+00:00
610806,0000000000000000000ff3de35fd0d7ad9127d9693281e9f561fa1fc06424129,2020-01-01 16:25:05+00:00,545,203639,641270,1073733632,387300560,deac9a8d217a413cec1e2fe907f6f9bc17a0136add976226f945409498a482e1,1255462198,,2020-01-01 15:53:04+00:00
610807,00000000000000000005b9ed189765cc72a4f77d670a847846b7837e73cc64eb,2020-01-01 16:27:46+00:00,589,227689,716872,536870912,387300560,b6aced5acec6ec25b5a58079de2341d23c3fdf620f7a25f737e1a20c80d53161,3592307363,,2020-01-01 16:02:38+00:00
610808,0000000000000000000b127ba28f353c5072a46dd33b854d47912c4e56dadec4,2020-01-01 16:34:38+00:00,1357,677035,1958359,545259520,387300560,6e79f9887fa5b37b185786c26ae67c4f1fe5ed79b7040a48a0f8db0b601d1e5b,2019237605,,2020-01-01 16:14:49+00:00
610809,000000000000000000094e1d80304c2b35e3c9f4b24d1f4d41eb25ec49b69874,2020-01-01 16:35:37+00:00,268,89137,268783,536870912,387300560,52b880910b0febc6f11442fd32a0fb60ff6189ae4309bf6aeadf56f50100f432,4262731028,,2020-01-01 16:17:50+00:00
610810,000000000000000000056752f17f9b9df51f4182400819aae340e6dca3880e1b,2020-01-01 16:40:05+00:00,836,345631,1114162,1073733632,387300560,1a466ff0b2d73f8a62b67ea40560ecf02c2a4f179c409d28ed2724300677243c,2327796417,,2020-01-01 16:22:00+00:00
610811,0000000000000000000fd5312f88bf93c883e660ad2371d4fe842ce78840be8e,2020-01-01 17:07:41+00:00,3159,1344240,3993444,536928256,387300560,086618fa1d3b3306b7e0f4ad5d9a3b49d7b759c9e2c4db9d84459ba47de9fc50,3169940470,,2020-01-01 16:25:05+00:00
610812,0000000000000000000d5f9f772f6330861c9b7aba995752c01a65c41f691e50,2020-01-01 17:13:21+00:00,2833,1329142,3993373,536870912,387300560,c799be81b5ad33815d3f3a6cc4bbbcb1fbc7cb8e78147888fd3456644d72ed93,1416719998,,2020-01-01 16:27:46+00:00
610813,00000000000000000009b871f7aaebc2fdd65dc5f02967ec68b15e83930f25d9,2020-01-01 17:15:52+00:00,882,328871,972590,1073676288,387300560,dd4dd8ffe84dc4d62f80127d5448521c18f9a8bcc315e1fbeacd8274ce65975a,3264682516,,2020-01-01 16:34:38+00:00
610814,0000000000000000000bd55f5d69d8917d72ffa97dcc2049eaada4cf04e14807,2020-01-01 17:17:10+00:00,357,154753,464803,536870912,387300560,2051a22cefd7b5ac2c57b67176fbafef960e50cfe8aaaf56ddaa413ae55c6352,856480664,,2020-01-01 16:35:37+00:00
610815,00000000000000000004280af65a3fedac5f3f5af03c70695640a3bb05a5f76a,2020-01-01 17:42:33+00:00,3133,1282268,3998489,536870912,387300560,46ad59e0b503e5ec0ef3c223e4b537a034b6e62430d55e12db444d487981437f,452868847,,2020-01-01 16:40:05+00:00
610816,0000000000000000001341c66826968af28e942c999a7e563feb566cc9c7495d,2020-01-01 17:43:08+00:00,1669,785042,2339180,1073733632,387300560,09313ef1259fd994d24eb787ca42085c60f7b7025bde9ac98dffaf5a11c31ca6,639225092,,2020-01-01 17:07:41+00:00
610817,0000000000000000000ff1cf20075afd0df2a52288edd20a7d1cd8a51ca3e32a,2020-01-01 17:45:32+00:00,378,141729,425808,536928256,387300560,0e7fa898326f65735ed7b7a669beaca95ec6a6857875d5b7672cd031bad51bd3,1084251629,,2020-01-01 17:13:21+00:00
610818,0000000000000000001573d2f4c14c206a39953b7bb3725ba3bafa66e6a1dd9c,2020-01-01 17:59:25+00:00,3053,1270006,3815869,536870912,387300560,20bd9a058ccaa6715b6ca266f4ed5ae76875233b7266eca840f18ccbcb60161f,1237635177,,2020-01-01 17:15:52+00:00
610819,000000000000000000113af6cc099f36c1f0d1edb5061fe1aea45b20d17dae90,2020-01-01 18:19:19+00:00,2650,1270745,3993416,541065216,387300560,763e813975823ed349a2395f1b8b523e4681e634ce1cea96d4584d6921cff2b3,2958169561,,2020-01-01 17:17:10+00:00
610820,0000000000000000000d475d9bb2f479c33e26677bb99d3113b02effee740fcd,2020-01-01 18:40:31+00:00,2923,1345952,3993188,541065216,387300560,da6a6ed682cdf1fabd9e1d53cbddb166cfbd7c6633f89f015a81b56725512ad9,558052798,,2020-01-01 17:42:33+00:00
610821,00000000000000000010f22184e5ea649d0f40693f775eaf47ae9f87ba080e7d,2020-01-01 18:42:32+00:00,1882,1358273,3719045,536870912,387300560,312463aa7b372426eddecee1f9aa8c6f8c08dd1146785cbf3b5090811a570c42,2270550676,,2020-01-01 17:43:08+00:00
610822,0000000000000000000986c7ef32e80ea13e8a4f73b1a5a3c343a43c7f68e6bd,2020-01-01 18:48:44+00:00,1243,548782,1596634,536870912,387300560,351bff1163894e244ae17f5e56061cb174b55aff3cf415468055df9f66a4786f,1086915495,,2020-01-01 17:45:32+00:00
610823,00000000000000000008dffb89beaa8233e763d8a0b1e27f978b78e748224c07,2020-01-01 18:57:36+00:00,1767,725472,2135067,536870912,387300560,1577a525a2660882b59a3d3f1dd68c7bb44d14376a341f62f54a30611d077a4d,4081759857,,2020-01-01 17:59:25+00:00
610824,00000000000000000000b9ab1b416d4e07c395fa76145d9d4a4ac6528061c5ce,2020-01-01 18:59:01+00:00,260,97618,283423,549453824,387300560,8a72292e84ca04dc4280e179f61a09de8eab944efd0335dbfe9d2dad6e41528b,2450962309,,2020-01-01 18:19:19+00:00
610825,0000000000000000000c8e0b26e668efd36dc1953b357a66990a1121aec9ef3a,2020-01-01 19:14:10+00:00,2674,1259311,3709258,536870912,387300560,3d281e08be0222ac4bc3b35a46d1232544149455471bee1b21ed28577ebb4d71,779256055,,2020-01-01 18:40:31+00:00
610826,00000000000000000000e6743970d6ac2947c2b94afc90550b54ebad22850944,2020-01-01 19:15:07+00:00,254,90152,275555,541065216,387300560,2bd03b2dc17351ee151fd1cc84c1f5c16789c742a1bf8234165f4d424d8cb7b6,2940872988,,2020-01-01 18:42:32+00:00
610827,0000000000000000000065ce07077a1b2ea8f8035c9b0f5282489c1be242284a,2020-01-01 19:21:36+00:00,1088,455063,1325930,536870912,387300560,d87f4f41648fe1f77b78a6f8da12164be2a3c3a1bef9a8155233d0183b4de74d,2842621976,,2020-01-01 18:48:44+00:00
610828,00000000000000000015ad1aa6f420dd1dc0c2c65f419209ead1b4ee406808c0,2020-01-01 19:22:16+00:00,256,87650,265118,536928256,387300560,37ba20e285abd1229c231095fe34083137fe57d5699dcf05da794404b4fd8c11,822903960,,2020-01-01 18:57:36+00:00
610829,000000000000000000133807b9d15982049cc153b8f6a633b945b26c73d6e399,2020-01-01 19:28:34+00:00,1376,537993,1707690,536870912,387300560,fe1c617ce5bc71faa4a5f0cc989b34e63aa872268ecffe0886f227ba7a8943d4,845915429,,2020-01-01 18:59:01+00:00
610830,00000000000000000008a61b9b08ff2d535ee3199731796a95fff44e73197138,2020-01-01 19:32:19+00:00,810,330088,1003219,536870912,387300560,222e14ce42439fd15b81e35951493972cb22f01bb09aa5df7635f17b8b47eb14,4264431060,,2020-01-01 19:14:10+00:00
610831,0000000000000000000e1fa07c39f91a1c90c933d5a5b212cd4d7b51426c0b8f,2020-01-01 19:36:58+00:00,1036,414780,1244031,536870912,387300560,1a975160f459abf880edd27671520a0697d3cc0e8329ad3761f9666dc5f7d1de,2986648228,,2020-01-01 19:15:07+00:00
610832,0000000000000000000b0c906f4d29b4ff6e7e094d325aac60d43548509511af,2020-01-01 19:38:21+00:00,300,105166,335527,545259520,387300560,ec77fca8d286667e28c77201c9f574ecd4314d60678496c905020400904cbb8a,1802906160,,2020-01-01 19:21:36+00:00
610833,0000000000000000000c2b6bd76a87f1957d3aca4f8dee396044b8cc5452f96f,2020-01-01 19:41:08+00:00,497,234090,721176,545259520,387300560,94a067ee6b2f5089073a7e5d5e6fdcc12103a41cfd19ee62e9734378b5e59c5a,593255976,,2020-01-01 19:22:16+00:00
610834,00000000000000000003790e5373e472e1f88cb0c2e74d6db495843ede51eb8b,2020-01-01 19:42:57+00:00,369,129078,392184,541065216,387300560,f786016665e184be7926247dcffdc64b552f49f899b93344adb34821a74ef8ac,789494296,,2020-01-01 19:28:34+00:00
610835,00000000000000000007bbfe64a765cb8bfdfeaa6a170bc86946aa37fc7b37ae,2020-01-01 19:55:12+00:00,2512,870279,2691348,536928256,387300560,3b10d1373bf9c11e2f10d3927f2d0468420eb979e97b6b4af47e6d46585d4bfd,2497832911,,2020-01-01 19:32:19+00:00
610836,00000000000000000010221a0f70e0b7876c680d912e7f13671a959c38cfb5b8,2020-01-01 19:56:57+00:00,416,163518,501432,536870912,387300560,a91398a5b103799373f9f4f7c17a3bb8fe410f1eff50a49ea57a53fcafa1b447,1663903910,,2020-01-01 19:36:58+00:00
610837,00000000000000000011dec2dc063313d104313a219c9ebc9259c6835dc88f26,2020-01-01 20:01:30+00:00,1049,549933,1667166,1073733632,387300560,774294534c28778c71e9f19660af3c8e662862974f76715062feb76a2762236b,1933905221,,2020-01-01 19:38:21+00:00
610838,0000000000000000000c1a7ae9c45e3f4e7f5f3eb0fccfb0216b90004e788362,2020-01-01 20:05:13+00:00,815,337102,1001377,545259520,387300560,94512b5eced387d59f79dd499d04dbe3bb27ea1ed1cbcadaac077bac06b8877d,4229011647,,2020-01-01 19:41:08+00:00
610839,0000000000000000001584bd0b12a886a5fd9c97e2027132a13337e02bee897c,2020-01-01 20:11:22+00:00,1244,496587,1506429,545259520,387300560,8810192faf1dfeec1a721b9bdf0fac4fd31560c95d44402e88900402344f4e71,622625093,,2020-01-01 19:42:57+00:00
610840,00000000000000000010ea6b3a532c3501962955953bf128d2c236dc9db19168,2020-01-01 20:15:27+00:00,722,267170,847508,547291136,387300560,84090096a7e1d3a3fa7a5fec36bd301acba883d5aab3c11a0eb82dbb4a92fe66,903686844,,2020-01-01 19:55:12+00:00
610841,0000000000000000000d0550afba414eb71d2b0de4075691f075997c7f1e4175,2020-01-01 20:29:08+00:00,2374,1013172,3169386,536870912,387300560,ccbf41421de651dcceafab31ac8558236ae37e31744bf383a0921ee7a9d55e54,3165557448,,2020-01-01 19:56:57+00:00
610842,000000000000000000051dad605050e6e3b2c95520981b5014ffaf6a10aa48c3,2020-01-01 20:45:54+00:00,3357,1186261,3580960,536928256,387300560,aa8f1a7e788e0292b013ea448822809a1fe05fb2fbcdde1f632940f6d55eff43,2416453692,,2020-01-01 20:01:30+00:00
610843,00000000000000000002ce4ad0978e74f15ffe645569b6ede39d895fadb6c94f,2020-01-01 20:49:19+00:00,778,251857,766285,536870912,387300560,f8dc2a1d7b13b39fa2e67f3290b56a40c6da71600c14e821acc209fa5db918c5,734658286,,2020-01-01 20:05:13+00:00
610844,00000000000000000009b6980c9db99cb3b78c3730c48c73aeced58a0ef41b2c,2020-01-01 21:06:45+00:00,3243,1281827,3817544,536870912,387300560,e0ef0b559134945ca7e03ac288727230a03776695c573f228d12d7761cddf606,3877178535,,2020-01-01 20:11:22+00:00
610845,000000000000000000155e277f2348490031f085d6801b7b312cd6eebcb0c476,2020-01-01 21:24:18+00:00,3399,1295631,3993216,536879104,387300560,15b3e0e2561bceed4b1dd0f85482a327c32ee470506ed0bcf90820a457b5a351,100980749,,2020-01-01 20:15:27+00:00
610846,000000000000000000095d69936ce1568a31dee002ec3d2e9947ca55868bc670,2020-01-01 21:28:34+00:00,998,395354,1208339,1073733632,387300560,ca8afb4b69b81e147051c99039b5872bd81c2c20742a3189678faa2e1630d451,4144198502,,2020-01-01 20:29:08+00:00
610847,00000000000000000008f9ddf24dbec1459689fc399329e9738b2795860e4361,2020-01-01 21:34:54+00:00,1319,641459,1912241,536879104,387300560,dbe8ba8d1e512c272f68a81b0d982d3e1d6f30a777b049c2f728cbe64d9e3a1c,1772503212,,2020-01-01 20:45:54+00:00
610848,0000000000000000000657ec7477dece018c07b534be94edfff9aed1068a7613,2020-01-01 21:54:27+00:00,3552,1346281,3998539,536870912,387212786,f1f9be601488c3b0b0b26ff18f117aac2126330a624f8fdd35b96934f6142841,1579992341,,2020-01-01 20:49:19+00:00
610849,0000000000000000000dc544229ac32378d9986e034ad3a2854b709afc6d0623,2020-01-01 22:15:55+00:00,2947,1313960,3993215,536870912,387212786,39cccb879c7d47cbc40b65a4f55851b58f36950a0eedfd7e2d8807480929de6c,1841067498,,2020-01-01 21:06:45+00:00
610850,0000000000000000000fede19260cc85231d2995b50284dbfe887bb76fec0a93,2020-01-01 22:16:19+00:00,1299,645015,1847853,536870912,387212786,738b48bd46f31c4d8d3f93cc28716c2108331c24e4498425a6139afb254d2182,2003969825,,2020-01-01 21:24:18+00:00
610851,00000000000000000008cead6cac67a4b3717d4fbd155c1d4dc089f74c582362,2020-01-01 22:18:20+00:00,340,157958,464834,921067520,387212786,881fce2f72b342b00d207ba9d732d9205a61333c8bf1b075712eb8066652bf2c,895837613,,2020-01-01 21:28:34+00:00
610852,000000000000000000108a3d674f7d2e03e22d4ccf0a16aed32f55cc73ee0cee,2020-01-01 22:24:23+00:00,1303,528836,1552427,1073725440,387212786,283494a00e3fc60ae20488ae71357e35f623243fd16d283b996272d1d07f700c,2179915373,,2020-01-01 21:34:54+00:00
610853,000000000000000000018c14166b112ffb9e127ee351d6f823c4b1d373106148,2020-01-01 22:32:35+00:00,1810,699738,2072274,541065216,387212786,f3967329da06bb598bf491d44969d176e381d5306f5753c804637fcece5044c1,3339250861,,2020-01-01 21:54:27+00:00
610854,0000000000000000000b9dbce4eb02b02b59a9f5430a58d8cffcb5d015924030,2020-01-01 22:37:14+00:00,1005,339446,1038320,1073733632,387212786,d140642dcce1393c730ef2f76caeb095770416fe10223c35abb2013571cdced0,3001593740,,2020-01-01 22:15:55+00:00
610855,0000000000000000000dd48089e07320bdbb700601b10379fda17e8b7b3e3e99,2020-01-01 22:43:38+00:00,1327,503601,1581918,545259520,387212786,5b3fa9b75fc0a17c04d6931be5503196275a6170db261e26cfeea0b7e283bff3,983624840,,2020-01-01 22:16:19+00:00
610856,0000000000000000001174610b56e2206a1931cd5ab3909030249a2966ab7dd2,2020-01-01 22:48:27+00:00,961,358934,1094576,536870912,387212786,ed3addc175d788220796091e517bda466afe20f38e774ece0dd55a2e43e5dc05,4263677094,,2020-01-01 22:18:20+00:00
610857,0000000000000000000c7f2dfb7242a573d19cc328aa1ab51868013671d8e5dc,2020-01-01 23:09:19+00:00,3493,1322395,3998533,536870912,387212786,1e04e1781a336fc2d3c3b437aca9c673cdb1cdc5ed34ad0a54a09090d6aa5c71,2411245253,,2020-01-01 22:24:23+00:00
610858,0000000000000000000b77a25d72c873f200f9556e4138fe61e55b7292665639,2020-01-01 23:11:56+00:00,713,313107,879675,536870912,387212786,8923314b22057879e289112725b40b6b9c78d57707ccfdd1153c2d10c79a64c2,1045463041,,2020-01-01 22:32:35+00:00
610859,000000000000000000129af3320337dcdb845823b7b565537da1d464ffc6f40b,2020-01-01 23:23:39+00:00,2106,897705,2593482,536879104,387212786,8bbb4fc7b53395ab898446897e128f5afdbc43adf7728ee906bab3bfef05d8d9,1374105726,,2020-01-01 22:37:14+00:00
610860,00000000000000000005ed4eec54f34202b7c8e7e4a8b062a8c64370baa22196,2020-01-01 23:33:09+00:00,1879,719471,2101586,549453824,387212786,98105b4dda5bc947b76812ab5546c9adc79512eea5daf6ab87f4dd447596cae1,2110053415,,2020-01-01 22:43:38+00:00
610861,000000000000000000008f83dec305b1977cd5e6f9d5be0152cb35ebde91bc00,2020-01-01 23:34:20+00:00,143,42258,133458,536928256,387212786,d81c2a31236c34c7e9654d355f64fe591b04663d1255de3b2e44ce8aaa1eedf8,1451613713,,2020-01-01 22:48:27+00:00
610862,0000000000000000000ca39b7f332d565a0fde34262e741fb544c0f689fd43df,2020-01-01 23:45:54+00:00,2117,746110,2249251,1073725440,387212786,4921efe5c48acc2e85b2d5911b676b21337f2da89b2740861592c2a29c3cde07,3198743784,,2020-01-01 23:09:19+00:00
610863,0000000000000000000930ea9da5c64641207f0f4ae355092c8c3faa0e4b7015,2020-01-01 23:51:43+00:00,964,350358,1021401,536928256,387212786,6008e889225597d69e94f848b854bff2666884a546ee46a0070bc09b91b9aa47,1772097607,,2020-01-01 23:11:56+00:00
610864,0000000000000000000b5930cb20a0ac7b6db21314be68fd726f0bf8659356f7,2020-01-01 23:59:05+00:00,1234,423984,1253058,536870912,387212786,1e1311ebf5926eeb6ad634b7782dfaf2939bb5b4858adf51764c406971b18cb4,456299690,,2020-01-01 23:23:39+00:00
610865,00000000000000000008f029112b79dceff814dcf02e1902474ac8051af16a8c,2020-01-02 00:00:44+00:00,212,135848,413789,536870912,387212786,24643bdcb907e2a9074628ba30ff54f943c899dfa642697a34f0ac284eb428da,222487178,,2020-01-01 23:33:09+00:00
610866,00000000000000000007f07235c54253f3b600184b6b1af98fae011c4517069e,2020-01-02 00:13:01+00:00,2119,957947,2928557,536870912,387212786,15155d4195592f4c13a84e4de179cc28a39cbbeccdbc972e08d84c8d4dfa7da5,792541750,,2020-01-01 23:34:20+00:00
610867,0000000000000000000c59efc7c5eadf40384d67feace55df3e4e5ef7b3b040c,2020-01-02 00:36:42+00:00,3266,1346355,3993249,1073733632,387212786,c5ff88dc9568905fa90874666bed9a14344a168d2d3eb7c0002870947716aff8,2390533550,,2020-01-01 23:45:54+00:00
610868,0000000000000000001276886b459ee5bbf84be614636f638c0595a2657760a2,2020-01-02 00:40:22+00:00,978,645758,2207027,536870912,387212786,8cdb39202dc6d44ed37404d940797072331cbd446061a62e51516c677a0dd4de,165633790,,2020-01-01 23:51:43+00:00
610869,000000000000000000081e7b9a130a240fe8cc694723e3601c986fc725dd3c7a,2020-01-02 01:01:32+00:00,3039,1320779,3992897,545259520,387212786,9655c29a178ad168cd7a8b4a434d8dd9a15a0001508ce21524a38f3537a7ce54,200750149,,2020-01-01 23:59:05+00:00
610870,000000000000000000091c70ab1ee4671b558e2c3f87ea681a2749db2071439b,2020-01-02 01:17:10+00:00,2783,1097285,3382103,541065216,387212786,7e96bf6a0a2239260cc7b7b505542ab545cdddd01a0b682daf91cbcf77a22a1b,239429498,,2020-01-02 00:00:44+00:00
610871,0000000000000000000437c9a6bb7c071d67c60e0f1fe30d2d6a0f2c365c2cc8,2020-01-02 01:17:37+00:00,126,57310,196822,545259520,387212786,5a8f6b9eb36a7b1900c9f8bfbd0692b1d9d2ed4bea3212aef1b79fac3f743ff6,898319148,,2020-01-02 00:13:01+00:00
610872,0000000000000000000d352134add776fd09d6704168cfed02db6204f564a1bd,2020-01-02 01:28:27+00:00,1878,694603,2141320,1073676288,387212786,0baa6420ac465021be4f90e178eab47631fe27db0aa404193ad7b289f22a7200,4218192099,,2020-01-02 00:36:42+00:00
610873,0000000000000000001141af9131459258e58d0f76cf02dd81ad9a740dacc3ab,2020-01-02 01:38:46+00:00,2396,1185504,3993597,1073733632,387212786,790cad161518c46bef85779c7525b1146139bd59ebe754b459a1aa52834fdc7f,2015054814,,2020-01-02 00:40:22+00:00
610874,000000000000000000141510398d1870de67c041c1baa0444b0c58e3f4cbcb49,2020-01-02 01:42:33+00:00,1064,478355,1585577,536928256,387212786,59aacb08f576cd65a9c28a63a01e87e1d642e5d647a5cf06ff82be4ad78495ff,3289713832,,2020-01-02 01:01:32+00:00
610875,0000000000000000000fd7d203da0d2db3444a33618ba9f7a0b3fc2110165bf6,2020-01-02 01:53:39+00:00,2634,1188239,3992849,536870912,387212786,b2cf776dd21da5c47b3cec22aa63bfe12aadf5bb4e98f1120638bf38a93aee25,1081978721,,2020-01-02 01:17:10+00:00
610876,0000000000000000000ee7ae7e3d7091ef56e8d237040cc3b5a58f2ffee6dc07,2020-01-02 02:03:32+00:00,2490,1184806,3993385,536870912,387212786,7ea717ea00baf28fee187b4395e9b543037a1f3508cf35659fc97161b2509f38,103234841,,2020-01-02 01:17:37+00:00
610877,0000000000000000001222d4dfce84448c9321f54cb756fc7cc790405698ba9c,2020-01-02 02:07:51+00:00,1131,580349,1920701,1073725440,387212786,07659bf4cb98d28683df04e990fd1ca125d899e7e3a2bb89b4480b87cc475ee8,166288964,,2020-01-02 01:28:27+00:00
610878,0000000000000000000e8e5458fa7fd2cbec2040d9c5d25d4b1d96501bc269c6,2020-01-02 02:07:56+00:00,22,6986,21842,1073725440,387212786,122e19a6bca722644cbdc4fad34e031ec0307da6d6bd9066d9dc968492a43dfc,2173609271,,2020-01-02 01:38:46+00:00
610879,00000000000000000011c32429588ba062d4e565053e2081d8a0bfaa8329fb3c,2020-01-02 02:35:30+00:00,2492,1167174,3993429,536870912,387212786,5cf3274c2fd73be9ca2d69d3007e79c4cfce934b4bc35b1b48dd2f6feacda11b,3967159680,,2020-01-02 01:42:33+00:00
610880,000000000000000000034a4082acad32a31432ff50747cdea58058fd10c82d22,2020-01-02 02:58:56+00:00,3094,1291370,3993404,536870912,387212786,7becf0687c1ef67c7ccf35bf600a0de514fbb5577a83360170d04457b26b2d7a,1371053236,,2020-01-02 01:53:39+00:00
610881,0000000000000000000604a4d65bcac0753f6644585ffbdf29acc1be4c840861,2020-01-02 03:11:49+00:00,2442,1272288,3998736,1073733632,387212786,8dacb42a7c2c2100b23bc877600c550c1f28eea3bb2f2cea0430c6553eee48a0,1803545526,,2020-01-02 02:03:32+00:00
610882,0000000000000000000d2ef62ff133892e5488be35d9f98eeec7965be08ac3fb,2020-01-02 03:12:11+00:00,1561,1012854,3417348,541065216,387212786,0f92eef7950b359081503f598038310958badabf5b295748cc12dc3b69cb498d,4194908720,,2020-01-02 02:07:51+00:00
610883,0000000000000000000b3a963c944e3fe376159e5f82b78d0fc3ade9814faef6,2020-01-02 03:13:52+00:00,427,174429,594654,536870912,387212786,e98d4ca060b3751a84687081d0bf631c37125a49a1543bc5a20746bc79fb35c4,3993526514,,2020-01-02 02:07:56+00:00
610884,0000000000000000000a4c4668c985bcaa47518517a5c411c900e534582b2eec,2020-01-02 03:33:06+00:00,2901,1134248,3993509,536870912,387212786,88b329561957e0817f2405220ec5640569f27042dabe575fd697d145949e4a00,378850196,,2020-01-02 02:35:30+00:00
610885,0000000000000000000c64c0a35546b3912fdc0dc609ee951d11704785ddc7cd,2020-01-02 03:45:36+00:00,2533,1173837,3993063,545259520,387212786,800405b1394612e4c49ea207e01520c78ab372214f25d3bb10e32993dbba31af,2766346040,,2020-01-02 02:58:56+00:00
610886,00000000000000000001895e458bb96cb24c4b8c89c6eece51ab167a27275178,2020-01-02 03:46:02+00:00,1432,624961,1878130,1073733632,387212786,ea0ab24128058aac08c323382dbda8b5870519336d1b94e4ff5163b51a9cc076,1552018714,,2020-01-02 03:11:49+00:00
610887,0000000000000000000d2b4fdaad8da48010dbef6f2802acc8529acabc6eb6ca,2020-01-02 04:00:39+00:00,2654,1179692,3993344,536879104,387212786,8f32cc5f20f17bf580a218c93ddc23ebdb76a611b1ad04b7810fdd3bbdda99d5,3638358019,,2020-01-02 03:12:11+00:00
610888,0000000000000000000a96a7d70995bc4ce5a9d4a067ba7df8437443a8367a5f,2020-01-02 04:21:52+00:00,3481,1342817,3992942,536870912,387212786,b1bdf2f393e1ab9412227d4a5f09f39159ef315b98f36f1c082398b13d53364e,1112900925,,2020-01-02 03:13:52+00:00
610889,0000000000000000000bac604e4f8122c0bd238c82d06a73740d223aead78c09,2020-01-02 04:27:47+00:00,1471,710908,2240908,541065216,387212786,d61eb6740786b3bcfc0e71d6f4baa4381f65397c8b5c6bf514e7938ad0d4cafc,2205753356,,2020-01-02 03:33:06+00:00
610890,00000000000000000004d34f315a7a46ac41956b56e70121ac2feaa9f5c78394,2020-01-02 04:46:27+00:00,2828,1343305,3975175,542113792,387212786,f6464f88afb393748deeeff886ea225e4617202c600d6401c0d622fb4f2051b2,476357403,,2020-01-02 03:45:36+00:00
